{"working_dir":null,"default_chunk_options":{"echo":true},"chunk_definitions":[{"row":9,"row_count":1,"visible":true,"expansion_state":0,"options":{"engine":"r","label":"setup","include":false},"document_id":"CF20B1C1","chunk_id":"csetup_chunk","chunk_label":"setup"},{"row":14,"row_count":1,"visible":true,"expansion_state":0,"options":{"engine":"r","echo":false,"message":false,"include":false,"label":"unnamed-chunk-1"},"document_id":"CF20B1C1","chunk_id":"cc3e0ry9jb89z","chunk_label":"unnamed-chunk-1"}],"doc_write_time":1700328125}